"File","Well","Treatment","Correlation_Correlation_DNA_GFP"
"BBBC013_Cells","A01","0",0,0,0,0,0,0,0,0,0,1,0,0,0,0,0,1,1,2,1,1,1,2,0,0,3,1,6,6,3,5,4,4,7,7,10,8,9,10,8,8,8,10,4,8,7,10,6,11,9,8,8,8,2,9,7,4,11,10,4,4,3,4,2,4,1,2,1,1,0,0,3,1,1,0,0,3,0,0,1,0,0,0,0,0,0,0,0,0,0,0,0,0,1,0,2,0,0,0,0,0
"BBBC013_Cells","A02","0.5",0,0,0,0,0,0,0,0,0,0,0,0,0,0,0,0,0,0,1,0,1,0,1,1,0,3,1,3,0,1,1,5,2,10,0,6,7,6,3,9,7,7,10,7,15,8,7,6,7,11,6,8,8,10,5,6,7,9,3,2,3,2,3,3,2,2,2,1,1,1,1,0,0,0,0,1,0,1,0,0,0,0,0,0,0,0,0,0,1,0,0,0,1,0,0,0,0,0,0,0
"BBBC013_Cells","A03","0.5",0,0,0,0,0,0,0,0,0,0,0,1,0,0,0,0,0,0,1,0,0,0,0,0,0,0,0,0,1,1,0,1,3,3,2,2,4,0,2,6,10,12,2,3,5,10,4,7,5,5,2,1,10,8,7,7,6,6,5,7,2,8,9,4,4,2,5,2,4,4,0,3,0,3,2,3,0,0,0,0,1,2,1,1,1,1,0,1,1,1,0,0,0,0,0,0,2,0,0,0
"BBBC013_Cells","A04","0.5",0,0,0,0,0,0,0,0,0,0,0,0,0,0,0,0,0,0,0,0,0,0,0,0,1,0,1,0,0,0,0,4,2,1,5,1,5,5,2,7,2,2,3,7,6,5,6,3,6,6,5,4,5,1,9,1,4,5,7,2,3,2,9,3,7,7,2,2,2,3,0,2,1,1,1,2,0,0,2,1,1,0,1,0,1,0,0,0,0,0,0,2,0,1,0,0,0,0,0,0
"BBBC013_Cells","A05","0.5",0,0,0,0,0,0,0,0,0,0,0,0,0,0,0,0,0,0,0,0,0,0,1,0,0,0,0,0,0,0,1,1,0,0,1,1,0,0,0,3,0,4,3,4,2,2,3,6,6,0,6,4,5,5,6,2,7,5,5,6,6,5,5,5,5,4,7,2,6,3,3,5,2,5,3,1,0,4,3,1,2,1,2,1,0,1,1,1,0,2,2,2,1,2,5,0,0,1,0,0
"BBBC013_Cells","A06","0.5",0,0,0,0,0,0,0,0,0,0,0,0,0,0,0,0,0,0,0,0,0,0,1,0,0,1,0,0,1,0,0,0,1,0,1,0,1,2,2,0,0,1,1,2,4,1,2,2,4,3,1,1,2,6,0,4,2,5,3,3,1,1,3,1,1,2,3,3,3,1,6,3,2,1,3,4,2,6,4,3,3,2,2,6,3,3,4,5,5,1,11,8,3,10,10,8,6,0,0,0
"BBBC013_Cells","A07","0.5",0,0,0,0,0,0,0,0,0,0,0,0,0,0,0,0,0,0,0,0,0,0,0,0,0,0,0,0,0,0,0,0,0,0,0,0,0,0,0,1,0,0,0,0,0,1,0,1,2,1,0,0,0,0,0,0,0,0,0,0,0,0,0,1,0,1,0,0,0,0,1,0,1,0,0,0,0,1,0,1,0,0,1,0,1,1,2,0,2,1,2,2,5,15,19,30,53,30,1,0
"BBBC013_Cells","A08","0.5",0,0,0,0,0,0,0,0,0,0,0,0,0,0,0,0,0,0,0,0,0,0,0,0,0,0,0,0,0,0,0,0,0,0,0,0,0,0,0,1,1,1,1,0,0,1,1,0,1,0,0,1,0,0,0,0,0,0,1,0,0,0,1,0,1,0,0,0,0,0,0,0,0,0,0,0,0,1,0,0,0,0,2,1,0,0,0,0,0,0,1,2,0,6,11,36,66,50,2,0
"BBBC013_Cells","A09","0.5",0,0,0,0,0,0,0,0,0,0,0,0,0,0,0,0,0,0,0,0,0,0,0,0,0,0,0,0,0,0,0,0,0,0,0,0,1,0,0,0,0,0,0,0,0,0,1,0,0,0,0,0,0,0,1,0,1,0,1,0,0,0,0,0,0,0,0,0,1,0,0,0,2,0,0,0,0,0,0,1,1,0,0,0,0,1,0,0,0,0,1,5,3,6,9,42,63,43,2,0
"BBBC013_Cells","A10","0.5",0,0,0,0,0,0,0,0,0,0,0,0,0,0,0,0,0,0,0,0,0,0,0,0,0,0,0,0,0,0,0,0,0,0,0,0,0,0,1,0,0,0,0,0,1,0,0,0,0,0,0,0,0,0,0,0,1,0,0,0,0,0,1,1,0,0,0,0,0,0,1,0,0,0,0,0,0,0,1,0,2,0,2,0,1,1,0,0,2,2,0,2,3,4,13,38,43,27,0,0
"BBBC013_Cells","A11","0.5",0,0,0,0,0,0,0,0,0,0,0,0,0,0,0,0,0,0,0,0,0,0,0,0,0,0,0,0,0,0,0,0,0,0,0,0,0,0,1,0,1,0,0,0,0,0,1,0,0,1,1,0,1,0,0,0,0,0,1,0,0,0,0,0,0,0,0,0,0,0,0,0,0,0,0,0,0,1,0,0,0,0,0,0,0,0,2,2,0,1,1,1,5,2,16,23,56,38,1,0
"BBBC013_Cells","A12","1",0,0,0,0,0,0,0,0,0,0,0,0,0,0,0,0,0,0,0,0,0,0,0,0,0,0,0,0,0,0,0,0,0,0,0,0,0,0,0,0,0,0,0,1,0,0,0,0,0,1,0,0,0,1,0,0,1,0,0,0,0,0,0,1,0,0,0,0,0,0,0,0,1,0,0,0,0,1,3,0,1,0,0,0,0,2,0,1,1,1,2,1,1,0,2,20,65,51,2,0
"BBBC013_Cells","B01","0",0,0,0,0,0,0,0,0,0,0,0,0,0,0,0,0,0,0,0,0,0,0,0,0,0,2,2,0,0,2,0,0,1,2,3,3,3,1,5,2,1,11,8,9,5,9,10,6,5,7,4,2,3,8,3,8,1,2,1,5,2,1,2,1,1,0,2,0,0,0,0,1,0,0,1,0,0,0,0,1,0,0,0,0,0,0,0,0,0,0,0,0,0,0,0,0,0,0,0,0
"BBBC013_Cells","B02","0.5",0,0,0,0,0,0,0,0,0,0,0,0,0,0,0,0,0,0,0,1,0,1,0,1,1,0,0,0,1,0,1,1,3,1,1,2,4,5,2,5,3,6,10,14,8,7,7,5,8,8,8,4,6,9,7,2,3,4,7,4,4,1,4,2,3,1,1,0,3,3,2,0,0,0,0,0,2,0,0,0,0,0,0,0,0,0,0,0,0,0,0,0,0,0,0,0,0,0,0,0
"BBBC013_Cells","B03","0.5",0,0,0,0,0,0,0,0,0,0,0,0,0,0,0,0,0,0,0,0,0,1,1,0,1,1,2,2,3,4,4,4,5,4,7,1,7,4,5,8,8,7,6,10,10,7,10,6,7,4,9,9,7,5,3,3,6,2,7,6,1,1,3,1,3,0,2,3,2,1,3,3,0,0,2,0,0,1,0,0,0,1,0,1,1,0,1,0,0,1,0,0,0,1,0,2,0,0,0,0
"BBBC013_Cells","B04","0.5",0,0,0,0,0,0,0,0,0,0,0,0,0,0,0,0,0,0,0,0,0,0,0,0,1,0,0,1,2,0,3,0,0,1,2,2,3,5,3,4,3,7,8,5,2,13,7,7,11,4,4,6,4,7,2,6,4,5,4,5,6,3,5,7,4,2,4,4,4,2,0,3,2,0,2,1,0,1,1,0,1,1,0,0,1,0,0,0,0,0,0,1,0,0,0,0,2,0,0,0
"BBBC013_Cells","B05","0.5",0,0,0,0,0,0,0,0,0,0,0,0,0,1,0,0,0,0,0,1,1,0,0,0,0,0,0,1,0,0,1,2,1,2,1,3,2,3,3,3,2,4,0,4,1,2,5,1,2,7,2,3,4,4,4,5,4,5,4,5,6,5,7,2,5,2,3,3,4,5,3,5,1,2,4,1,4,2,2,2,3,3,8,1,0,2,1,2,2,1,4,1,1,4,3,1,2,0,0,0
"BBBC013_Cells","B06","0.5",0,0,0,0,0,0,0,0,0,0,0,0,0,0,0,0,0,0,0,0,0,0,0,0,0,0,0,0,0,0,0,0,0,0,0,0,0,0,0,0,0,0,1,2,1,3,1,3,1,1,0,0,3,0,2,2,4,2,4,3,2,1,1,2,2,2,2,2,1,5,2,3,1,0,5,2,2,3,3,4,1,3,2,1,3,3,6,4,4,3,7,9,7,11,8,12,16,3,0,0
"BBBC013_Cells","B07","0.5",0,0,0,0,0,0,0,0,0,0,0,0,0,0,0,0,0,0,0,0,0,0,0,0,0,0,0,0,0,0,0,0,0,0,0,0,1,0,0,0,0,0,0,0,0,0,0,0,0,0,0,1,0,2,0,1,0,0,0,0,1,1,0,1,0,1,0,0,0,0,0,0,3,0,1,1,1,1,1,1,1,0,3,0,0,1,1,2,1,3,2,3,5,8,16,35,53,28,2,0
"BBBC013_Cells","B08","0.5",0,0,0,0,0,0,0,0,0,0,0,0,0,0,0,0,0,0,0,0,0,0,0,0,0,0,0,0,0,0,0,0,0,0,0,0,0,0,0,0,0,0,0,0,0,0,0,0,0,0,0,0,0,0,1,0,0,1,0,0,1,1,0,0,0,0,0,0,0,0,0,0,0,0,0,1,0,0,0,0,1,0,0,0,0,1,0,2,0,0,1,0,6,7,12,41,36,34,1,0
"BBBC013_Cells","B09","0.5",0,0,0,0,0,0,0,0,0,0,0,0,0,0,0,0,0,0,0,0,0,0,0,0,0,0,0,0,0,0,0,0,0,0,0,0,0,0,0,0,0,0,0,0,0,0,0,0,0,0,0,1,0,0,0,0,0,0,0,0,0,0,0,0,0,0,0,0,0,0,0,0,0,0,1,0,0,0,0,0,1,1,1,0,0,1,0,0,1,3,1,1,5,5,12,32,51,32,4,0
"BBBC013_Cells","B10","0.5",0,0,0,0,0,0,0,0,0,0,0,0,0,0,0,0,0,0,0,0,0,0,0,0,0,0,0,0,0,0,0,0,0,0,0,0,0,0,0,0,0,0,0,0,0,0,0,0,0,0,0,0,0,0,0,0,1,0,1,0,0,0,0,0,0,0,0,0,0,0,0,0,0,0,0,0,1,1,1,0,0,2,0,0,0,0,1,0,2,0,1,3,4,5,11,29,54,44,0,0
"BBBC013_Cells","B11","0.5",0,0,0,0,0,0,0,0,0,0,0,0,0,0,0,0,0,0,0,0,0,0,0,0,0,0,0,0,0,0,0,0,0,0,0,0,0,0,0,0,0,0,0,1,0,0,0,0,1,0,1,0,0,0,0,1,1,0,1,0,0,1,0,0,0,0,0,0,1,0,1,0,1,0,0,1,0,1,1,0,1,1,0,0,0,0,0,2,2,0,0,1,3,2,13,31,50,41,0,0
"BBBC013_Cells","B12","1",0,0,0,0,0,0,0,0,0,0,0,0,0,0,0,0,0,0,0,0,0,0,0,0,0,0,0,0,0,0,0,0,0,0,0,0,0,0,0,0,0,0,0,0,0,0,0,0,0,0,0,0,0,0,0,0,0,1,0,0,0,0,0,0,1,0,0,0,1,0,0,0,0,0,0,1,1,0,1,1,0,1,0,0,0,0,2,1,2,0,0,1,0,3,4,17,39,49,0,0
"BBBC013_Cells","C01","0",0,0,0,0,0,0,0,0,0,0,0,0,0,0,0,0,0,0,0,0,0,0,0,0,0,2,0,0,1,1,4,2,0,2,3,4,3,6,4,5,4,4,2,3,6,3,6,7,5,3,7,9,2,4,5,4,4,2,0,4,3,4,5,1,0,0,0,2,2,1,0,0,1,0,0,0,0,0,0,0,0,0,0,0,0,0,0,0,0,0,0,1,0,0,0,0,0,0,0,0
"BBBC013_Cells","C02","0.5",0,0,0,0,0,0,0,0,0,0,0,0,0,0,0,0,0,0,0,0,0,0,0,1,0,1,1,0,2,4,0,1,0,5,4,2,5,2,3,5,3,8,2,9,5,6,5,7,7,7,6,7,9,12,8,1,5,5,6,3,4,1,5,2,3,2,1,0,2,0,1,0,0,0,1,0,0,1,1,1,0,0,0,0,1,0,0,1,0,0,0,0,0,0,0,0,0,0,0,0
"BBBC013_Cells","C03","0.5",0,0,0,0,0,0,0,0,0,0,0,0,0,0,0,0,0,0,0,0,0,0,0,0,0,0,1,2,3,1,1,1,0,1,1,2,4,6,2,5,4,4,7,4,8,4,3,8,6,6,8,6,8,7,4,7,6,3,3,5,4,1,6,2,3,3,2,4,2,2,2,4,1,1,2,1,1,0,0,3,0,1,0,0,1,1,1,0,1,1,0,0,0,1,0,0,0,0,0,0
"BBBC013_Cells","C04","0.5",0,0,0,0,0,0,0,0,0,0,0,0,0,0,0,0,0,1,0,0,0,0,0,0,1,1,0,1,0,0,0,2,2,2,3,1,4,1,4,2,3,4,4,1,9,14,1,8,8,6,5,5,5,9,8,5,5,6,4,8,6,6,6,4,4,3,1,1,2,2,0,0,3,2,0,1,0,1,4,1,0,0,0,0,1,0,0,0,0,1,0,0,1,0,0,0,0,0,0,0
"BBBC013_Cells","C05","0.5",0,0,0,0,0,0,0,0,0,0,0,0,0,0,0,0,0,0,0,0,1,0,0,0,0,0,0,0,1,0,1,0,0,0,1,0,1,1,4,0,1,2,3,1,3,5,3,4,2,4,3,4,4,6,6,2,2,3,8,2,3,6,4,8,5,3,5,3,4,4,5,6,3,2,1,2,1,0,1,0,2,0,3,2,1,0,2,2,2,4,1,3,1,3,1,0,3,0,0,0
"BBBC013_Cells","C06","0.5",0,0,0,0,0,0,0,0,0,0,0,0,0,0,0,0,0,0,0,0,0,0,0,0,0,0,0,0,0,0,0,0,0,0,1,0,0,0,1,0,0,0,0,0,2,1,1,0,0,0,0,0,0,0,0,1,3,1,0,1,3,2,1,1,4,3,1,1,3,1,3,4,2,4,3,4,1,3,2,7,2,1,4,3,3,7,2,2,5,7,5,7,6,7,8,10,15,3,0,0
"BBBC013_Cells","C07","0.5",0,0,0,0,0,0,0,0,0,0,0,0,0,0,0,0,0,0,0,0,0,0,0,0,0,0,0,0,0,0,0,0,0,0,0,0,0,0,0,0,0,0,0,1,1,1,0,0,0,1,0,0,0,0,0,0,0,0,0,0,0,0,0,0,1,0,0,0,0,0,0,0,0,0,0,0,2,0,2,0,0,0,0,0,1,2,0,0,0,0,0,1,4,5,15,27,38,38,1,0
"BBBC013_Cells","C08","0.5",0,0,0,0,0,0,0,0,0,0,0,0,0,0,0,0,0,0,0,0,0,0,0,0,0,0,0,0,0,0,0,0,0,0,0,0,0,0,0,0,0,0,0,0,0,0,0,1,0,0,0,0,0,0,2,0,0,0,0,0,0,0,2,0,1,0,0,0,0,0,1,0,0,0,0,0,0,0,1,0,0,1,0,1,2,1,1,0,1,0,0,1,2,9,14,34,48,40,2,0
"BBBC013_Cells","C09","0.5",0,0,0,0,0,0,0,0,0,0,0,0,0,0,0,0,0,0,0,0,0,0,0,0,0,0,0,0,0,0,0,0,0,0,0,0,0,0,0,0,0,0,0,0,0,0,0,0,0,0,0,0,0,0,0,0,0,0,0,0,0,0,1,0,0,0,0,0,0,0,0,0,0,0,0,0,1,0,0,0,0,1,0,0,1,0,0,0,1,2,1,0,1,9,6,26,40,26,0,0
"BBBC013_Cells","C10","0.5",0,0,0,0,0,0,0,0,0,0,0,0,0,0,0,0,0,0,0,0,0,0,0,0,0,0,0,0,0,0,0,0,1,1,0,0,0,0,0,0,1,0,1,0,0,1,0,1,0,0,0,0,1,0,0,0,0,0,0,1,0,0,2,0,0,0,0,0,1,0,0,0,0,1,0,0,0,0,0,0,0,0,0,0,0,1,0,2,1,1,2,3,5,4,19,37,51,30,2,0
"BBBC013_Cells","C11","0.5",0,0,0,0,0,0,0,0,0,0,0,0,0,0,0,0,0,0,0,0,0,0,0,0,0,0,0,0,0,0,0,0,0,0,0,0,0,0,0,0,0,0,0,0,0,0,0,0,0,0,1,0,0,0,0,0,0,0,0,0,0,0,0,0,0,0,0,1,0,0,0,0,0,0,0,0,0,0,1,0,0,0,0,0,0,1,0,0,1,1,2,3,1,2,5,13,33,64,2,0
"BBBC013_Cells","C12","1",0,0,0,0,0,0,0,0,0,0,0,0,0,0,0,0,0,0,0,0,0,0,0,0,0,0,0,0,0,0,0,0,0,0,0,0,0,0,0,0,0,0,0,0,0,0,0,0,0,0,0,0,1,0,0,0,0,0,0,0,0,1,0,0,0,0,0,0,0,1,0,0,0,0,0,0,0,0,0,0,0,0,0,0,2,2,1,2,0,1,2,2,1,4,9,30,67,34,0,0
"BBBC013_Cells","D01","0",0,0,0,0,0,0,0,0,0,0,0,0,0,0,0,0,0,0,0,0,1,0,0,0,0,0,0,0,0,3,1,2,0,3,2,2,2,2,3,5,5,3,6,7,6,7,6,6,4,11,6,5,4,9,5,5,4,1,3,2,5,4,4,3,2,4,1,0,0,0,1,0,0,0,0,0,0,0,1,0,0,0,0,0,0,0,0,0,0,0,0,0,0,0,0,0,0,0,0,0
"BBBC013_Cells","D02","0.5",0,0,0,0,0,0,0,0,0,0,0,0,0,1,0,0,0,0,0,0,0,0,0,2,1,0,2,0,3,1,0,1,1,1,3,4,3,4,2,5,2,2,8,5,5,3,5,7,4,9,7,13,7,8,8,1,2,5,6,3,3,5,5,3,3,3,1,2,0,0,1,1,1,0,1,0,0,1,0,0,0,1,0,1,0,0,0,0,0,0,0,0,0,0,0,0,0,0,0,0
"BBBC013_Cells","D03","0.5",0,0,0,0,0,0,0,0,0,0,0,0,0,0,0,0,0,0,0,0,0,1,0,0,0,0,1,0,2,1,1,1,2,2,1,3,2,5,4,1,1,3,4,3,5,9,7,5,10,5,6,10,3,6,5,5,1,2,2,7,1,5,4,2,3,4,4,1,2,3,4,2,2,2,3,2,2,1,0,3,2,0,1,1,1,1,1,0,0,0,0,0,0,0,0,0,1,0,0,0
"BBBC013_Cells","D04","0.5",0,0,0,0,0,0,0,0,0,0,0,0,0,0,0,0,0,0,0,0,0,0,1,0,0,0,1,0,0,0,2,1,3,0,0,1,2,0,2,2,3,1,1,4,3,4,5,8,8,4,5,4,7,11,5,5,8,4,6,7,4,8,5,4,1,4,5,2,0,2,9,5,2,1,0,0,0,0,2,2,0,0,0,1,3,0,0,0,0,1,1,1,0,1,0,0,0,0,0,0
"BBBC013_Cells","D05","0.5",0,0,0,0,0,0,0,0,0,0,0,0,0,0,0,0,0,0,0,0,0,0,0,0,0,0,1,1,0,0,0,0,0,1,0,1,3,0,1,1,2,2,5,2,8,2,5,3,4,3,5,6,5,5,4,9,7,3,4,3,6,5,5,7,3,3,3,4,1,2,3,1,3,5,3,6,5,3,3,1,2,1,1,3,1,1,0,0,4,2,1,0,1,2,1,2,0,0,0,0
"BBBC013_Cells","D06","0.5",0,0,0,0,0,0,0,0,0,0,0,0,0,0,0,0,0,0,0,0,0,0,0,0,0,0,0,0,0,0,1,0,0,0,0,0,0,0,0,0,0,0,1,0,1,1,0,0,0,0,0,0,0,1,1,1,0,1,1,2,0,0,3,0,1,1,2,2,3,1,1,0,2,6,4,2,1,1,3,2,1,6,2,1,2,3,6,7,8,6,6,11,9,17,12,12,10,6,0,0
"BBBC013_Cells","D07","0.5",0,0,0,0,0,0,0,0,0,0,0,0,0,0,0,0,0,0,0,0,0,0,0,0,0,0,0,0,0,0,0,0,0,0,0,0,0,0,0,0,1,0,0,0,0,0,0,1,0,0,0,0,0,0,2,0,1,0,0,0,0,0,0,0,0,0,0,0,1,0,0,0,0,0,0,1,0,0,0,0,1,1,0,1,1,0,1,1,1,1,2,3,5,6,12,32,56,36,0,0
"BBBC013_Cells","D08","0.5",0,0,0,0,0,0,0,0,0,0,0,0,0,0,0,0,0,0,0,0,0,0,0,0,0,0,0,0,0,0,0,0,0,0,0,0,0,0,0,0,0,0,1,0,0,0,0,0,0,0,0,0,0,0,0,0,0,0,0,1,0,0,0,0,0,0,0,0,0,0,0,0,0,0,0,0,0,0,0,1,0,0,1,0,0,0,0,0,2,1,2,1,0,2,8,19,65,31,2,0
"BBBC013_Cells","D09","0.5",0,0,0,0,0,0,0,0,0,0,0,0,0,0,0,0,0,0,0,0,0,0,0,0,0,0,0,0,0,0,0,0,0,0,0,0,0,0,0,0,0,0,0,0,0,0,0,0,0,0,0,0,0,2,0,0,0,0,0,0,0,1,0,0,0,1,0,0,0,0,0,1,0,0,0,0,0,0,0,0,0,2,1,2,1,1,0,1,0,2,4,2,1,8,16,33,41,25,2,0
"BBBC013_Cells","D10","0.5",0,0,0,0,0,0,0,0,0,0,0,0,0,0,0,0,0,0,0,0,0,0,0,0,0,0,0,0,0,0,0,0,0,0,0,0,0,0,0,0,0,0,0,0,0,0,0,0,0,0,0,0,0,0,0,1,0,0,0,0,0,0,0,0,0,0,0,0,0,0,0,0,1,0,0,1,0,1,0,1,0,0,0,0,0,1,0,1,1,1,1,0,1,4,23,36,50,18,0,0
"BBBC013_Cells","D11","0.5",0,0,0,0,0,0,0,0,0,0,0,0,0,0,0,0,0,0,0,0,0,0,0,0,0,0,0,0,0,0,0,0,0,0,0,0,0,0,0,1,0,0,0,2,0,0,0,0,0,0,1,0,0,0,0,0,0,0,0,0,0,0,0,0,0,1,2,0,0,0,1,0,0,1,0,0,2,0,0,0,0,0,0,0,0,0,0,0,1,0,0,3,1,4,7,33,51,25,3,0
"BBBC013_Cells","D12","1",0,0,0,0,0,0,0,0,0,0,0,0,0,0,0,0,0,0,0,0,0,0,0,0,0,0,0,0,0,0,0,0,0,0,0,0,0,0,0,0,0,0,0,1,0,0,0,0,0,0,0,0,0,0,0,0,0,1,0,1,0,0,0,0,0,1,1,0,0,1,0,0,0,0,1,0,0,0,0,0,0,1,1,0,0,0,0,0,0,3,4,1,1,8,14,23,43,34,0,0
"BBBC013_Cells","E01","1",0,0,0,0,0,0,0,0,0,0,0,0,0,0,0,0,0,0,0,0,0,0,0,0,0,0,0,0,0,0,0,0,0,0,0,0,0,0,0,0,0,0,0,0,1,0,0,0,0,2,1,0,1,1,0,1,0,1,0,0,0,0,1,0,0,1,0,0,0,0,0,0,0,0,0,0,0,1,0,0,0,0,1,1,1,0,0,1,0,0,1,0,4,3,13,34,74,37,2,0
"BBBC013_Cells","E02","0.5",0,0,0,0,0,0,0,0,0,0,0,0,0,0,0,0,0,0,0,0,0,0,0,1,0,1,2,1,2,0,3,1,1,5,3,4,3,7,3,3,7,6,8,7,5,10,5,7,7,4,6,7,10,9,4,4,5,5,7,2,2,3,1,0,1,2,0,2,1,0,0,0,1,0,1,1,0,0,1,0,0,0,0,0,0,1,0,0,0,0,0,2,0,0,0,0,0,0,0,0
"BBBC013_Cells","E03","0.5",0,0,0,0,0,0,0,0,0,0,0,0,0,0,0,0,0,0,0,0,2,0,0,0,1,0,0,1,0,0,1,1,3,2,0,1,3,5,1,2,5,4,5,4,6,6,6,3,6,4,11,8,5,7,5,7,6,6,4,6,2,9,3,2,4,3,2,5,4,2,3,1,2,1,1,0,3,2,1,5,1,3,3,2,0,0,0,1,0,0,0,0,1,0,0,0,0,0,0,0
"BBBC013_Cells","E04","0.5",0,0,0,0,0,0,0,0,0,1,0,0,0,0,0,0,0,0,0,0,0,0,0,0,0,2,0,0,3,1,0,1,2,3,1,2,3,2,2,4,5,4,5,5,6,3,7,6,6,9,10,3,7,6,8,7,5,4,9,3,11,3,2,5,3,1,4,2,1,2,0,2,1,1,3,1,3,0,0,0,0,1,0,1,0,0,1,0,1,1,0,0,0,0,1,0,0,0,0,0
"BBBC013_Cells","E05","0.5",0,0,0,0,0,0,0,0,0,0,0,0,0,0,0,0,0,0,0,0,0,0,0,0,0,0,0,0,0,0,0,1,0,0,0,0,1,2,1,1,1,1,0,2,3,0,2,4,2,2,2,4,4,3,7,2,2,4,9,1,10,5,4,4,7,5,0,5,4,4,1,4,1,2,3,0,1,1,2,0,3,3,2,1,2,2,1,2,3,0,5,1,0,2,1,1,3,0,0,0
"BBBC013_Cells","E06","0.5",0,0,0,0,0,0,0,0,0,0,0,0,0,0,0,0,0,0,0,0,0,0,0,0,0,0,0,0,0,0,0,0,0,0,0,0,0,1,0,0,0,1,2,0,1,0,0,0,2,1,0,2,4,0,2,0,1,1,1,4,1,1,1,4,6,0,1,4,4,4,5,1,3,2,2,4,1,0,1,4,4,4,3,6,1,3,3,2,1,2,4,6,0,8,7,6,8,2,0,0
"BBBC013_Cells","E07","0.5",0,0,0,0,0,0,0,0,0,0,0,0,0,0,0,0,0,0,0,0,0,0,0,0,0,0,0,0,0,0,0,0,0,0,0,0,0,0,0,0,0,0,0,3,0,0,0,0,0,1,0,0,0,1,1,0,2,0,0,0,0,0,0,0,1,1,0,1,1,1,0,0,1,0,0,3,0,1,0,1,0,3,1,6,3,1,2,2,3,3,3,4,4,9,16,18,34,20,1,0
"BBBC013_Cells","E08","0.5",0,0,0,0,0,0,0,0,0,0,0,0,0,0,0,0,0,0,0,0,0,0,0,0,0,0,0,0,0,0,0,0,0,0,0,0,0,0,0,0,0,1,0,0,1,0,0,0,1,0,0,0,1,0,0,0,0,0,1,0,0,0,0,0,0,0,0,0,0,0,0,0,1,0,1,2,0,0,0,0,1,1,0,0,1,0,0,2,0,2,3,0,1,4,14,26,57,34,2,0
"BBBC013_Cells","E09","0.5",0,0,0,0,0,0,0,0,0,0,0,0,0,0,0,0,0,0,0,0,0,0,0,0,0,0,0,0,0,0,0,0,0,0,0,0,0,0,0,0,0,0,0,0,0,0,0,0,0,0,0,1,0,0,0,0,0,0,0,0,0,0,0,0,1,0,0,0,0,0,0,0,0,1,0,0,0,1,0,1,0,1,0,0,0,0,1,1,1,0,2,1,2,4,13,28,56,40,2,0
"BBBC013_Cells","E10","0.5",0,0,0,0,0,0,0,0,0,0,0,0,0,0,0,0,0,0,0,0,0,0,0,0,0,0,0,0,0,0,0,0,0,0,0,0,0,0,0,0,0,0,0,0,0,0,0,0,0,0,0,0,0,0,0,0,0,0,0,0,0,0,0,0,0,0,2,0,0,0,0,0,0,0,0,0,0,0,1,0,0,0,0,0,2,0,1,0,0,0,1,0,1,4,9,26,43,29,0,0
"BBBC013_Cells","E11","0.5",0,0,0,0,0,0,0,0,0,0,0,0,0,0,0,0,0,0,0,0,0,0,0,0,0,0,0,0,0,0,0,0,0,0,0,0,0,0,0,0,0,0,1,1,0,0,0,0,0,0,0,0,1,0,0,0,0,0,0,0,0,0,0,0,0,0,0,0,0,0,0,0,0,0,0,0,0,0,0,1,0,0,0,0,0,1,0,1,1,1,1,2,3,0,9,20,49,40,0,0
"BBBC013_Cells","E12","0",0,0,0,0,0,0,0,0,0,0,0,0,0,0,0,0,0,1,0,0,0,0,0,0,0,0,0,0,2,0,1,0,2,1,0,0,4,1,1,2,2,4,6,2,4,4,3,13,10,4,7,5,7,3,6,8,5,7,2,4,2,1,5,7,3,1,3,0,3,1,2,1,1,1,0,1,0,3,0,0,2,1,0,2,1,1,1,0,0,1,0,0,0,0,0,0,0,0,0,0
"BBBC013_Cells","F01","1",0,0,0,0,0,0,0,0,0,0,0,0,0,0,0,0,0,0,0,0,0,0,0,0,0,0,0,0,0,0,0,0,0,0,0,0,0,0,0,0,0,0,0,1,0,1,0,0,0,0,0,0,0,0,0,1,0,0,0,0,0,0,0,1,0,1,0,1,0,0,0,0,1,1,0,3,1,1,0,1,0,0,0,1,1,0,0,0,0,1,3,1,3,6,17,35,74,34,0,0
"BBBC013_Cells","F02","0.5",0,0,0,0,0,0,0,0,0,0,0,1,0,0,0,0,0,0,0,0,1,0,0,0,0,1,0,0,2,1,0,2,4,1,3,3,4,3,2,4,2,4,3,3,6,10,6,4,2,10,8,10,3,11,5,2,1,4,9,4,1,7,3,4,2,3,2,0,2,1,2,0,1,0,0,0,0,1,1,0,0,0,0,0,1,0,0,0,0,0,0,0,0,0,0,0,0,0,0,0
"BBBC013_Cells","F03","0.5",0,0,0,0,0,0,0,0,0,0,0,0,0,0,0,1,0,0,0,0,0,0,0,0,1,0,0,0,0,0,0,1,1,3,0,3,1,1,2,0,4,1,0,3,3,2,3,2,4,3,8,2,2,6,4,7,3,3,2,2,6,1,4,1,1,4,0,1,2,2,0,1,1,0,0,1,2,0,1,0,0,0,0,0,0,0,0,1,0,0,0,0,0,0,0,0,0,0,0,0
"BBBC013_Cells","F04","0.5",0,0,0,0,0,0,0,0,0,0,0,0,0,0,0,0,0,0,0,0,0,0,0,0,0,1,0,0,1,3,1,0,0,0,2,3,2,3,1,3,0,3,7,5,7,3,3,7,4,3,8,2,3,8,5,5,4,3,5,9,6,5,1,1,4,2,5,2,2,4,2,1,0,0,0,1,0,1,0,1,0,2,0,0,0,0,2,1,0,0,1,0,0,0,1,0,0,0,0,0
"BBBC013_Cells","F05","0.5",0,0,0,0,0,0,0,0,0,0,0,0,0,0,0,0,0,0,0,0,0,0,0,0,1,0,0,2,1,0,0,0,1,1,1,0,2,1,4,2,3,4,1,1,5,4,4,0,5,6,5,6,6,4,4,7,8,6,7,5,4,5,2,5,3,1,3,1,3,5,0,0,0,2,0,5,0,1,1,1,0,1,1,1,1,0,0,2,0,1,1,0,1,0,0,0,1,1,0,0
"BBBC013_Cells","F06","0.5",0,0,0,0,0,0,0,0,0,0,0,0,0,0,0,0,0,0,0,0,0,0,0,0,0,0,0,0,0,0,0,0,1,0,0,1,1,0,0,0,1,0,0,0,0,0,3,1,1,2,1,2,1,4,2,2,2,2,1,1,3,2,0,3,3,2,2,2,1,2,2,2,3,7,3,1,0,4,3,1,4,2,6,4,2,2,5,3,3,3,4,2,9,8,9,8,12,5,0,0
"BBBC013_Cells","F07","0.5",0,0,0,0,0,0,0,0,0,0,0,0,0,0,0,0,0,0,0,0,0,0,0,0,0,0,0,0,0,0,0,0,0,0,0,0,0,0,0,0,0,0,1,0,1,1,1,0,1,0,0,2,0,0,0,0,0,0,1,0,1,1,1,1,0,1,0,1,1,1,0,0,0,0,1,2,2,2,1,1,1,0,1,0,0,1,1,1,2,1,3,1,3,9,20,23,43,25,5,0
"BBBC013_Cells","F08","0.5",0,0,0,0,0,0,0,0,0,0,0,0,0,0,0,0,0,0,0,0,0,0,0,0,0,0,0,0,0,0,0,0,0,0,0,0,0,0,0,0,0,0,0,0,0,0,0,0,0,0,0,0,0,0,0,0,0,0,1,0,0,0,0,0,0,0,0,0,0,0,0,0,0,0,0,0,0,1,1,0,0,0,0,0,0,1,1,0,0,3,2,0,1,5,9,19,34,59,2,0
"BBBC013_Cells","F09","0.5",0,0,0,0,0,0,0,0,0,0,0,0,0,0,0,0,0,0,0,0,0,0,0,0,0,0,0,0,0,0,0,0,0,0,0,0,0,0,0,0,0,0,0,1,0,0,0,0,0,1,0,0,0,0,0,0,0,0,0,0,0,0,0,0,0,0,0,0,0,0,0,0,0,0,0,1,0,0,0,0,0,0,0,0,0,0,3,2,0,0,2,3,2,3,18,26,53,39,4,0
"BBBC013_Cells","F10","0.5",0,0,0,0,0,0,0,0,0,0,0,0,0,0,0,0,0,0,0,0,0,0,0,0,0,0,0,0,0,0,0,0,0,0,0,0,0,0,0,0,0,0,0,0,0,1,0,0,0,0,0,0,1,0,0,1,0,0,0,0,0,1,0,0,0,0,0,1,1,1,0,0,0,0,0,0,0,0,1,0,0,0,0,0,0,0,0,0,1,0,2,1,1,2,10,24,44,28,0,0
"BBBC013_Cells","F11","0.5",0,0,0,0,0,0,0,0,0,0,0,0,0,0,0,0,0,0,0,0,0,0,0,0,0,0,0,0,0,0,0,0,0,0,0,0,0,0,1,0,0,1,0,0,0,0,0,0,0,0,0,0,0,1,1,1,1,0,0,0,0,0,1,1,0,1,0,0,1,0,0,0,0,0,0,0,0,0,0,0,0,0,0,1,0,0,0,2,1,3,1,0,2,4,22,41,50,32,3,0
"BBBC013_Cells","F12","0",0,0,0,0,0,0,0,0,0,0,0,0,0,0,0,0,0,1,0,0,0,0,0,1,0,0,0,0,0,3,1,0,1,0,0,2,2,3,2,4,2,4,3,3,3,5,6,3,11,5,5,7,8,5,7,2,6,4,5,5,5,6,4,3,4,2,2,3,2,1,2,0,1,6,2,1,0,0,0,0,1,0,0,0,0,0,0,0,0,0,0,0,0,0,0,0,0,0,0,0
"BBBC013_Cells","G01","1",0,0,0,0,0,0,0,0,0,0,0,0,0,0,0,0,0,0,0,0,0,0,0,0,0,0,0,0,0,0,0,0,0,0,0,0,0,0,0,0,0,0,2,0,0,1,0,0,1,0,0,1,0,1,0,0,0,0,0,1,1,0,0,0,0,0,0,0,1,1,1,0,1,0,1,1,0,1,0,0,1,1,0,2,1,2,2,1,1,4,4,5,6,12,25,58,91,37,2,0
"BBBC013_Cells","G02","0.5",0,0,0,0,0,0,0,0,0,0,0,0,0,0,0,0,0,0,3,0,0,0,0,0,0,0,1,0,0,0,0,1,1,0,1,2,0,5,0,1,6,2,2,5,5,5,4,9,1,5,8,8,7,5,6,2,5,6,8,2,3,5,1,1,2,0,0,0,1,0,0,0,0,0,0,0,0,1,0,0,0,0,0,0,0,0,0,1,0,1,0,0,0,0,0,0,0,0,0,0
"BBBC013_Cells","G03","0.5",0,0,0,0,0,0,0,0,0,0,0,0,0,0,1,0,0,0,0,0,0,1,0,0,0,0,0,1,1,2,3,0,2,3,4,3,4,1,4,6,5,4,3,6,5,7,4,6,4,5,5,1,8,3,6,4,5,3,3,5,5,4,3,5,2,2,2,2,1,0,0,2,2,1,1,2,2,2,2,1,1,0,1,0,1,0,1,0,1,0,0,0,0,0,0,0,0,0,0,0
"BBBC013_Cells","G04","0.5",0,0,0,0,0,0,0,0,0,0,0,0,0,0,0,0,1,0,0,0,0,0,0,0,0,0,0,1,0,1,1,2,1,0,1,0,2,0,2,4,2,1,2,4,1,5,5,1,5,3,3,2,5,4,5,10,8,6,4,4,4,4,6,3,3,4,3,1,0,0,3,1,1,1,0,1,0,0,0,1,0,0,1,0,1,0,0,0,0,0,1,0,0,0,0,0,0,0,0,0
"BBBC013_Cells","G05","0.5",0,0,0,0,0,0,0,0,0,0,0,0,0,0,0,0,0,0,0,1,0,0,0,0,0,0,0,0,0,0,0,0,0,0,2,0,2,3,1,1,3,3,2,1,4,2,6,3,5,2,6,3,3,4,4,6,2,6,4,1,5,4,3,5,4,6,4,4,4,3,3,4,2,4,6,1,4,3,1,1,6,2,0,2,0,1,0,1,1,0,0,0,1,2,1,1,0,0,0,0
"BBBC013_Cells","G06","0.5",0,0,0,0,0,0,0,0,0,0,0,0,0,0,0,0,0,0,0,0,0,1,0,1,0,0,1,0,0,1,0,0,2,0,0,0,1,0,1,1,1,0,3,2,2,3,1,4,1,0,2,4,2,1,3,4,3,3,1,4,1,2,1,4,6,1,4,4,1,4,0,4,3,6,3,5,1,3,2,3,2,4,3,3,5,4,3,1,4,4,1,4,6,4,9,9,2,4,0,0
"BBBC013_Cells","G07","0.5",0,0,0,0,0,0,0,0,0,0,0,0,0,0,0,0,0,0,0,0,0,0,0,0,0,0,0,0,0,0,0,0,0,0,0,0,0,0,0,0,1,0,0,0,0,0,0,0,0,0,0,1,2,0,0,0,0,0,0,1,0,0,0,0,0,0,0,2,1,1,2,1,0,0,1,1,1,1,0,0,0,1,2,1,1,0,5,3,1,2,5,3,7,9,11,23,34,15,1,0
"BBBC013_Cells","G08","0.5",0,0,0,0,0,0,0,0,0,0,0,0,0,0,0,0,0,0,0,0,0,0,0,0,0,0,0,0,0,0,0,0,0,0,0,0,0,0,0,0,0,0,0,0,0,0,0,0,1,0,0,0,0,0,0,0,0,0,0,1,0,0,0,1,0,0,0,0,0,1,0,0,0,0,1,0,0,0,0,0,1,0,0,0,0,0,0,0,0,0,1,1,0,0,6,25,37,40,2,0
"BBBC013_Cells","G09","0.5",0,0,0,0,0,0,0,0,0,0,0,0,0,0,0,0,0,0,0,0,0,0,0,0,0,0,0,0,0,0,0,0,0,0,0,0,0,0,0,0,0,0,0,0,0,0,0,0,0,0,0,0,0,0,0,0,1,0,0,0,0,0,0,1,0,0,0,1,0,1,0,0,0,0,0,0,0,0,0,0,0,1,0,0,1,1,0,1,0,1,3,1,0,4,11,28,56,40,1,0
"BBBC013_Cells","G10","0.5",0,0,0,0,0,0,0,0,0,0,0,0,0,0,0,0,0,0,0,0,0,0,0,0,0,0,0,0,0,0,0,0,0,0,0,0,0,0,0,0,0,0,0,0,0,0,0,0,0,0,0,0,0,0,0,0,0,0,0,0,0,0,0,1,1,0,0,0,0,0,0,0,0,0,0,0,1,0,0,0,0,0,0,1,0,1,0,1,1,2,4,0,0,2,10,14,47,36,5,0
"BBBC013_Cells","G11","0.5",0,0,0,0,0,0,0,0,0,0,0,0,0,0,0,0,0,0,0,0,0,0,0,0,0,0,0,0,0,0,0,0,0,0,0,0,0,0,0,0,0,0,0,0,0,0,0,0,1,0,1,0,2,0,0,0,0,1,0,0,0,0,0,1,0,0,0,0,0,0,1,1,0,1,0,0,0,0,0,0,0,0,0,1,0,1,0,0,1,0,0,1,2,3,5,14,45,28,1,0
"BBBC013_Cells","G12","0",0,0,0,0,0,0,0,0,0,0,0,0,0,0,0,0,0,0,0,0,0,0,0,0,1,0,0,0,0,0,1,0,0,1,1,0,2,2,4,1,2,1,1,4,3,3,8,1,4,1,3,5,5,5,5,6,2,7,4,6,6,5,3,2,4,8,2,1,4,2,2,0,2,0,2,1,2,1,0,0,0,1,0,1,0,1,0,0,0,1,0,0,0,0,0,0,0,0,0,0
"BBBC013_Cells","H01","1",0,0,0,0,0,0,0,0,0,0,0,0,0,0,0,0,0,0,0,0,0,0,0,0,0,0,0,0,0,0,0,0,0,0,0,0,0,0,0,0,0,0,0,0,0,0,0,0,0,0,1,0,0,0,0,0,0,0,0,1,0,0,0,0,0,0,0,2,0,0,0,0,0,0,0,0,0,0,0,1,0,0,0,0,0,0,2,0,1,0,3,6,3,10,26,45,90,47,0,0
"BBBC013_Cells","H02","0.5",0,0,0,0,0,0,0,0,0,0,0,0,0,0,0,0,0,0,0,0,1,0,0,1,0,1,0,1,0,0,0,0,0,2,2,1,0,7,4,2,2,1,5,5,4,5,4,4,3,7,5,6,4,8,7,4,3,8,4,5,7,5,3,4,3,2,4,2,0,1,2,2,1,1,1,2,0,0,0,1,0,0,0,0,0,0,0,0,0,0,0,1,0,0,0,0,0,0,0,0
"BBBC013_Cells","H03","0.5",0,0,0,0,0,0,0,0,0,0,0,0,0,0,0,0,0,0,0,0,0,0,1,0,0,0,0,1,0,0,0,0,0,2,0,1,1,0,1,6,0,2,2,5,5,3,5,5,3,2,2,6,5,5,3,2,4,8,4,7,6,2,5,4,4,2,2,2,2,3,4,3,2,2,4,5,3,0,1,1,0,1,0,0,0,1,2,1,0,0,1,0,1,0,1,0,0,0,0,0
"BBBC013_Cells","H04","0.5",0,0,0,0,0,0,0,0,0,0,0,0,0,0,0,0,0,1,0,0,1,1,1,0,0,0,1,1,0,0,1,0,1,0,0,2,4,1,0,2,2,3,8,6,8,5,1,3,7,5,6,5,1,6,6,11,0,6,5,1,4,6,6,1,4,4,3,1,3,2,1,0,1,0,2,2,0,0,1,0,0,1,0,1,0,1,1,0,0,0,0,1,0,0,0,0,0,0,0,0
"BBBC013_Cells","H05","0.5",0,0,0,0,0,0,0,0,0,0,1,0,0,0,0,0,0,0,0,1,0,0,1,0,0,0,1,0,0,0,3,3,2,2,4,3,3,2,2,3,4,2,10,3,4,4,7,3,1,4,3,6,4,2,6,9,3,3,6,8,4,7,7,4,8,6,5,5,3,4,3,3,3,3,1,4,2,3,3,1,1,5,1,0,2,1,0,1,1,3,1,0,1,3,1,0,0,0,0,0
"BBBC013_Cells","H06","0.5",0,0,0,0,0,0,0,0,0,0,0,0,0,0,0,0,0,0,0,0,0,0,0,0,0,0,0,0,0,0,0,0,0,0,0,1,0,1,0,1,0,1,2,1,1,3,2,2,5,2,3,2,1,1,3,4,3,3,2,3,4,4,3,2,3,3,3,6,3,2,5,1,6,6,4,1,8,0,1,3,3,1,0,4,0,1,0,1,1,1,2,0,3,1,0,0,2,0,0,0
"BBBC013_Cells","H07","0.5",0,0,0,0,0,0,0,0,0,0,0,0,0,0,0,0,0,0,0,0,0,0,0,0,0,0,0,0,0,0,0,0,0,0,0,0,0,0,0,1,0,0,0,1,0,0,0,1,0,1,0,0,0,0,0,0,0,0,0,1,0,1,1,0,1,1,1,0,0,0,1,3,2,1,0,2,2,0,1,1,2,3,1,3,4,3,3,1,3,3,2,4,6,9,14,27,35,14,1,0
"BBBC013_Cells","H08","0.5",0,0,0,0,0,0,0,0,0,0,0,0,0,0,0,0,0,0,0,0,0,0,0,0,0,0,0,0,0,0,0,0,0,0,1,0,0,1,1,0,0,0,0,1,0,0,0,0,0,0,0,0,0,0,0,0,1,0,0,0,0,0,0,1,0,0,0,0,0,0,0,0,0,0,0,0,0,0,0,0,0,0,0,0,1,0,0,0,0,0,2,0,3,7,3,26,48,38,1,0
"BBBC013_Cells","H09","0.5",0,0,0,0,0,0,0,0,0,0,0,0,0,0,0,0,0,0,0,0,0,0,0,0,0,0,0,0,0,0,0,0,0,0,0,0,0,0,0,0,0,0,1,0,0,0,0,0,0,0,0,1,0,0,0,0,1,0,0,0,0,0,0,0,0,0,0,0,1,0,0,0,0,0,0,1,0,1,0,0,1,0,1,1,0,1,0,2,0,0,2,3,0,7,18,37,53,46,4,0
"BBBC013_Cells","H10","0.5",0,0,0,0,0,0,0,0,0,0,0,0,0,0,0,0,0,0,0,0,0,0,0,0,0,0,0,0,0,0,0,0,0,0,0,0,0,0,0,0,0,0,0,0,0,0,0,0,0,0,0,0,0,0,0,0,0,0,0,0,0,0,0,0,0,0,0,0,0,0,0,0,0,0,0,0,0,0,0,0,0,0,0,1,0,0,0,0,1,0,0,0,0,4,1,21,34,38,1,0
"BBBC013_Cells","H11","0.5",0,0,0,0,0,0,0,0,0,0,0,0,0,0,0,0,0,0,0,0,0,0,0,0,0,0,0,0,0,0,0,0,0,0,0,0,1,0,0,0,1,0,0,0,0,0,0,0,0,0,0,0,0,0,0,0,0,0,0,1,0,0,0,1,0,0,0,0,0,0,0,0,0,1,0,0,0,0,1,0,0,0,0,0,1,0,0,1,0,2,0,4,3,9,18,32,60,36,2,0
"BBBC013_Cells","H12","0",0,0,0,0,0,0,0,0,0,0,0,0,0,0,0,0,0,0,1,0,0,0,1,1,2,0,1,1,0,2,1,1,0,2,3,3,4,2,2,2,11,9,3,6,5,5,8,9,4,6,4,5,4,3,2,5,3,4,3,2,5,7,2,7,4,4,2,1,5,3,3,2,1,2,0,2,1,1,0,0,0,1,0,0,0,0,0,0,0,0,0,0,0,0,0,0,0,0,0,0
